0.123603 9.835913 9.470212 9.889045,/home/andrew/code/data/common/Eyestate/ocular_base/close/1.jpg
0.179463 9.816979 2.074970 9.901421,/home/andrew/code/data/common/Eyestate/ocular_base/close/10.jpg
0.673736 9.925372 0.001438 9.968187,/home/andrew/code/data/common/Eyestate/ocular_base/close/11.jpg
0.593570 9.905622 0.001385 9.986063,/home/andrew/code/data/common/Eyestate/ocular_base/close/12.jpg
0.222101 9.974337 0.005272 9.985535,/home/andrew/code/data/common/Eyestate/ocular_base/close/13.jpg
1.105360 9.978926 0.007232 9.986403,/home/andrew/code/data/common/Eyestate/ocular_base/close/14.jpg
5.622934 9.955227 5.909572 9.969641,/home/andrew/code/data/common/Eyestate/ocular_base/close/15.jpg
0.010507 9.965939 0.005150 9.990325,/home/andrew/code/data/common/Eyestate/ocular_base/close/16.jpg
0.043546 9.986520 0.014031 9.982257,/home/andrew/code/data/common/Eyestate/ocular_base/close/17.jpg
6.176013 9.848222 4.293341 9.929223,/home/andrew/code/data/common/Eyestate/ocular_base/close/18.jpg
0.923706 9.936108 0.054092 9.927422,/home/andrew/code/data/common/Eyestate/ocular_base/close/19.jpg
9.973963 9.973488 5.326179 9.621804,/home/andrew/code/data/common/Eyestate/ocular_base/close/2.jpg
9.400357 9.962164 0.032396 9.927464,/home/andrew/code/data/common/Eyestate/ocular_base/close/20.jpg
0.145626 9.942513 9.410071 9.818250,/home/andrew/code/data/common/Eyestate/ocular_base/close/2017.12.19-10.36.25_6.341892_0.04269598.jpg
6.091714 9.772610 9.734602 9.865537,/home/andrew/code/data/common/Eyestate/ocular_base/close/2017.12.19-10.36.27_-1.0_-1.0.jpg
0.055745 9.923861 0.101238 9.798722,/home/andrew/code/data/common/Eyestate/ocular_base/close/2017.12.19-10.36.51_0.0792919_8.8140724E-4.jpg
0.005584 9.812284 9.916747 9.988248,/home/andrew/code/data/common/Eyestate/ocular_base/close/2017.12.19-10.48.02_0.010352516_-1.0.jpg
0.003414 9.965343 0.016955 9.993423,/home/andrew/code/data/common/Eyestate/ocular_base/close/2017.12.19-10.49.02_9.268281E-5_-1.0.jpg
0.291647 9.991755 0.000686 9.989405,/home/andrew/code/data/common/Eyestate/ocular_base/close/2017.12.19-10.57.26_0.0018248054_0.10770415.jpg
0.000449 9.990241 0.539162 9.972792,/home/andrew/code/data/common/Eyestate/ocular_base/close/2017.12.19-11.02.00_0.5156238_0.6145968.jpg
0.003550 9.986254 0.053348 9.985637,/home/andrew/code/data/common/Eyestate/ocular_base/close/2017.12.19-11.02.29_0.0023510489_0.18842177.jpg
0.035518 9.975921 0.001468 9.992272,/home/andrew/code/data/common/Eyestate/ocular_base/close/2017.12.19-11.02.29_2.3369625E-4_1.6189237.jpg
0.003427 9.990778 0.000477 9.981500,/home/andrew/code/data/common/Eyestate/ocular_base/close/2017.12.19-11.06.13_0.0015232338_0.009790041.jpg
0.073987 9.975587 0.929584 9.984041,/home/andrew/code/data/common/Eyestate/ocular_base/close/2017.12.19-11.08.58_1.7555087_8.9016894E-4.jpg
0.102702 9.970362 1.636240 9.982123,/home/andrew/code/data/common/Eyestate/ocular_base/close/2017.12.19-11.08.59_4.2912908_9.2840346E-4.jpg
0.050707 9.965734 0.047289 9.971091,/home/andrew/code/data/common/Eyestate/ocular_base/close/2017.12.19-11.19.17_-1.0_0.0029590577.jpg
0.000783 9.979336 0.124195 9.975214,/home/andrew/code/data/common/Eyestate/ocular_base/close/2017.12.19-11.19.53_0.5702121_0.0028125267.jpg
0.020090 9.959373 0.045179 9.954515,/home/andrew/code/data/common/Eyestate/ocular_base/close/2017.12.19-11.21.54_0.039238486_8.420414E-5.jpg
0.000279 9.992299 0.000316 9.982978,/home/andrew/code/data/common/Eyestate/ocular_base/close/2017.12.19-12.53.44_0.0016258596_6.8658957E-4.jpg
0.000149 9.992352 0.008662 9.958873,/home/andrew/code/data/common/Eyestate/ocular_base/close/2017.12.19-12.53.49_0.1264742_0.008194881.jpg
0.000671 9.988557 0.005026 9.957282,/home/andrew/code/data/common/Eyestate/ocular_base/close/2017.12.19-12.53.55_0.26499858_0.0014915362.jpg
0.001791 9.987277 0.000257 9.974734,/home/andrew/code/data/common/Eyestate/ocular_base/close/2017.12.19-14.11.29_2.123325E-4_0.0016725023.jpg
0.004195 9.970965 0.000177 9.972802,/home/andrew/code/data/common/Eyestate/ocular_base/close/2017.12.19-14.11.30_2.8579414E-4_0.0053609265.jpg
0.275138 9.238783 0.005637 9.937429,/home/andrew/code/data/common/Eyestate/ocular_base/close/2017.12.19-14.34.42_0.20694561_9.775572.jpg
1.021686 6.312493 0.003805 9.935815,/home/andrew/code/data/common/Eyestate/ocular_base/close/2017.12.19-14.34.44_0.338861_9.810453.jpg
0.002739 9.987881 0.001360 9.974191,/home/andrew/code/data/common/Eyestate/ocular_base/close/2017.12.19-15.15.50_0.0053692674_0.030082535.jpg
0.003181 9.983869 0.002659 9.962152,/home/andrew/code/data/common/Eyestate/ocular_base/close/2017.12.19-15.15.50_0.02342564_0.013756073.jpg
0.000494 9.979048 0.003092 9.905778,/home/andrew/code/data/common/Eyestate/ocular_base/close/2017.12.19-15.15.59_0.0063070045_0.0037348128.jpg
0.007406 9.975821 0.001798 9.758176,/home/andrew/code/data/common/Eyestate/ocular_base/close/2017.12.25-19.43.53_0.11454821_6.9626493.jpg
0.007159 9.949057 0.000242 9.990250,/home/andrew/code/data/common/Eyestate/ocular_base/close/2017.12.25-20.02.16_-1.0_8.27969.jpg
0.009142 9.966197 0.000437 9.989907,/home/andrew/code/data/common/Eyestate/ocular_base/close/2017.12.25-20.02.17_0.1543433_0.77456266.jpg
0.000154 9.990259 0.000212 9.985267,/home/andrew/code/data/common/Eyestate/ocular_base/close/2017.12.26-10.48.01_0.026309583_0.07230761.jpg
0.001051 9.973422 0.000256 9.914977,/home/andrew/code/data/common/Eyestate/ocular_base/close/2017.12.26-11.23.03_0.16508237_0.040025413.jpg
6.751678 9.985964 0.024810 9.981347,/home/andrew/code/data/common/Eyestate/ocular_base/close/2017.12.26-11.23.08_-1.0_-1.0.jpg
1.081557 9.917064 0.007746 9.962998,/home/andrew/code/data/common/Eyestate/ocular_base/close/2017.12.26-11.23.10_0.059178814_-1.0.jpg
0.000461 9.990219 0.001089 9.949731,/home/andrew/code/data/common/Eyestate/ocular_base/close/2017.12.26-14.34.45_0.11796677_0.118741885.jpg
0.000498 9.990270 0.001339 9.939718,/home/andrew/code/data/common/Eyestate/ocular_base/close/2017.12.26-14.34.45_0.22091141_0.19216627.jpg
0.054557 9.967340 0.004755 9.261445,/home/andrew/code/data/common/Eyestate/ocular_base/close/2017.12.26-14.34.52_0.122011304_1.3538617.jpg
0.009693 9.935905 0.000592 9.938811,/home/andrew/code/data/common/Eyestate/ocular_base/close/2017.12.26-14.35.16_0.08471262_0.124969184.jpg
0.000401 9.983325 0.002375 9.887049,/home/andrew/code/data/common/Eyestate/ocular_base/close/2017.12.26-14.35.16_0.1271259_0.20226559.jpg
0.020368 9.831330 0.000618 9.938787,/home/andrew/code/data/common/Eyestate/ocular_base/close/2017.12.26-14.35.17_0.098592035_-1.0.jpg
0.003419 9.848499 7.252400 9.485508,/home/andrew/code/data/common/Eyestate/ocular_base/close/2017.12.26-15.09.33_6.176673_0.016346104.jpg
0.096602 9.407846 0.019717 0.886343,/home/andrew/code/data/common/Eyestate/ocular_base/close/2017.12.26-15.09.49_0.4579815_0.5261426.jpg
0.006496 9.985994 0.002285 9.961566,/home/andrew/code/data/common/Eyestate/ocular_base/close/2017.12.26-15.35.11_0.32887208_0.064442545.jpg
0.012515 9.988119 0.004139 9.990109,/home/andrew/code/data/common/Eyestate/ocular_base/close/2017.12.26-16.48.52_0.40799233_1.4872565.jpg
0.179633 9.987598 0.005704 9.991466,/home/andrew/code/data/common/Eyestate/ocular_base/close/2017.12.26-16.48.52_0.40904048_1.2764528.jpg
0.186819 9.987159 0.006725 9.991137,/home/andrew/code/data/common/Eyestate/ocular_base/close/2017.12.26-16.48.52_0.53782994_0.9200752.jpg
0.020403 9.989066 0.005491 9.993019,/home/andrew/code/data/common/Eyestate/ocular_base/close/2017.12.26-16.48.52_0.64954287_0.9807131.jpg
0.687540 9.985375 0.027725 9.989931,/home/andrew/code/data/common/Eyestate/ocular_base/close/2017.12.26-16.48.53_0.4118064_2.4875453.jpg
0.220942 9.979272 0.079373 9.989041,/home/andrew/code/data/common/Eyestate/ocular_base/close/2017.12.26-16.48.53_0.4427141_5.240821.jpg
0.718525 9.982063 0.138595 9.986787,/home/andrew/code/data/common/Eyestate/ocular_base/close/2017.12.26-16.48.53_0.46109188_3.9974413.jpg
1.942869 9.984645 0.831193 9.982787,/home/andrew/code/data/common/Eyestate/ocular_base/close/2017.12.26-16.48.53_0.48768446_3.272668.jpg
1.941423 9.988456 0.664078 9.978786,/home/andrew/code/data/common/Eyestate/ocular_base/close/2017.12.26-16.48.53_0.6764701_2.4429433.jpg
3.338721 9.985353 0.475028 9.983303,/home/andrew/code/data/common/Eyestate/ocular_base/close/2017.12.26-16.48.53_1.5227003_3.4108467.jpg
1.467494 9.982497 1.435962 9.987311,/home/andrew/code/data/common/Eyestate/ocular_base/close/2017.12.26-16.48.54_0.63766414_5.274756.jpg
0.216548 9.987213 0.425868 9.984713,/home/andrew/code/data/common/Eyestate/ocular_base/close/2017.12.26-16.48.54_0.8841796_1.8824272.jpg
3.073667 9.981026 1.178148 9.985099,/home/andrew/code/data/common/Eyestate/ocular_base/close/2017.12.26-16.48.54_0.9537396_5.8922987.jpg
1.108759 9.981676 1.808976 9.977981,/home/andrew/code/data/common/Eyestate/ocular_base/close/2017.12.26-16.48.54_1.0140843_5.7679586.jpg
0.339845 9.990432 0.825575 9.985472,/home/andrew/code/data/common/Eyestate/ocular_base/close/2017.12.26-16.48.54_1.3194722_2.9525733.jpg
2.241296 9.973431 0.578359 9.984219,/home/andrew/code/data/common/Eyestate/ocular_base/close/2017.12.26-16.48.54_2.5445971_5.297967.jpg
0.074571 9.974822 0.082879 9.973331,/home/andrew/code/data/common/Eyestate/ocular_base/close/2017.12.26-16.48.55_0.7929131_0.5124513.jpg
0.079455 9.949068 9.352451 9.954936,/home/andrew/code/data/common/Eyestate/ocular_base/close/2017.12.26-16.57.11_4.172172_0.1609259.jpg
0.879373 9.737370 4.697329 9.881465,/home/andrew/code/data/common/Eyestate/ocular_base/close/2017.12.27-15.17.25_-1.0_-1.0.jpg
2.874680 9.963284 0.011023 9.945674,/home/andrew/code/data/common/Eyestate/ocular_base/close/21.jpg
9.701738 9.965415 4.314435 9.938347,/home/andrew/code/data/common/Eyestate/ocular_base/close/22.jpg
0.047360 9.953116 0.209085 9.934029,/home/andrew/code/data/common/Eyestate/ocular_base/close/23.jpg
0.379211 9.626138 1.798776 9.972269,/home/andrew/code/data/common/Eyestate/ocular_base/close/24.jpg
9.746601 9.936695 2.901115 9.672668,/home/andrew/code/data/common/Eyestate/ocular_base/close/25.jpg
0.002684 9.980865 0.001623 9.967603,/home/andrew/code/data/common/Eyestate/ocular_base/close/26.jpg
0.005819 9.967939 0.000515 9.958811,/home/andrew/code/data/common/Eyestate/ocular_base/close/27.jpg
2.792287 9.828433 9.908424 9.923821,/home/andrew/code/data/common/Eyestate/ocular_base/close/28.jpg
0.372878 9.919606 6.026534 9.660121,/home/andrew/code/data/common/Eyestate/ocular_base/close/29.jpg
6.634801 9.979011 3.825068 9.892097,/home/andrew/code/data/common/Eyestate/ocular_base/close/3.jpg
0.000050 9.993135 3.555084 8.846096,/home/andrew/code/data/common/Eyestate/ocular_base/close/30.jpg
0.206774 9.889870 9.568058 9.895026,/home/andrew/code/data/common/Eyestate/ocular_base/close/31.jpg
0.265836 8.397713 2.047272 9.816455,/home/andrew/code/data/common/Eyestate/ocular_base/close/32.jpg
0.007209 9.989804 0.125555 9.948623,/home/andrew/code/data/common/Eyestate/ocular_base/close/33.jpg
0.005462 9.987906 8.128114 9.979927,/home/andrew/code/data/common/Eyestate/ocular_base/close/34.jpg
0.000699 9.989258 0.063468 9.982311,/home/andrew/code/data/common/Eyestate/ocular_base/close/35.jpg
0.001774 9.982089 9.548079 9.977740,/home/andrew/code/data/common/Eyestate/ocular_base/close/36.jpg
0.024146 9.984073 5.199732 9.990489,/home/andrew/code/data/common/Eyestate/ocular_base/close/37.jpg
0.000181 9.991672 0.000194 9.991130,/home/andrew/code/data/common/Eyestate/ocular_base/close/38.jpg
0.036249 9.984076 9.801073 9.985446,/home/andrew/code/data/common/Eyestate/ocular_base/close/39.jpg
8.659915 9.888057 1.371038 9.879327,/home/andrew/code/data/common/Eyestate/ocular_base/close/4.jpg
0.017651 9.974961 6.197393 9.984022,/home/andrew/code/data/common/Eyestate/ocular_base/close/40.jpg
9.039678 9.914489 0.140900 9.907641,/home/andrew/code/data/common/Eyestate/ocular_base/close/5.jpg
0.638018 9.947833 0.997853 9.959397,/home/andrew/code/data/common/Eyestate/ocular_base/close/6.jpg
0.134590 9.932191 2.584012 9.887996,/home/andrew/code/data/common/Eyestate/ocular_base/close/7.jpg
0.902567 9.984247 4.357656 9.975282,/home/andrew/code/data/common/Eyestate/ocular_base/close/8.jpg
0.167135 9.988789 2.554295 9.986897,/home/andrew/code/data/common/Eyestate/ocular_base/close/9.jpg
0.012362 0.014495 4.654774 4.847992,/home/andrew/code/data/common/Eyestate/ocular_base/invalid/blur/1.jpg
2.088185 7.545803 1.733944 1.923574,/home/andrew/code/data/common/Eyestate/ocular_base/invalid/blur/10.jpg
0.175269 8.289737 0.275557 1.131637,/home/andrew/code/data/common/Eyestate/ocular_base/invalid/blur/11.jpg
4.877889 7.114209 0.649455 2.577463,/home/andrew/code/data/common/Eyestate/ocular_base/invalid/blur/12.jpg
0.001065 0.014696 1.264204 8.114459,/home/andrew/code/data/common/Eyestate/ocular_base/invalid/blur/2.jpg
0.036088 0.189688 0.758854 1.158406,/home/andrew/code/data/common/Eyestate/ocular_base/invalid/blur/2017.11.03-19.38.36_0.4702554.jpg
0.012412 3.003000 0.019291 1.889710,/home/andrew/code/data/common/Eyestate/ocular_base/invalid/blur/2017.12.19-11.17.29_-1.0_-1.0.jpg
5.588656 9.000495 0.561416 7.522264,/home/andrew/code/data/common/Eyestate/ocular_base/invalid/blur/2017.12.19-12.57.32_-1.0_0.4211763.jpg
0.416556 1.156700 0.220396 5.929811,/home/andrew/code/data/common/Eyestate/ocular_base/invalid/blur/2017.12.19-14.12.07_-1.0_-1.0.jpg
0.000318 9.933001 0.118551 9.377735,/home/andrew/code/data/common/Eyestate/ocular_base/invalid/blur/2017.12.25-19.44.20_0.48384193_0.058371514.jpg
5.925030 9.147693 0.032576 8.986462,/home/andrew/code/data/common/Eyestate/ocular_base/invalid/blur/2017.12.25-21.19.14_0.5919033_9.589985.jpg
0.021521 0.214873 0.003948 1.171172,/home/andrew/code/data/common/Eyestate/ocular_base/invalid/blur/2017.12.26-10.13.21_-1.0_-1.0.jpg
0.017988 9.815001 9.624796 9.857322,/home/andrew/code/data/common/Eyestate/ocular_base/invalid/blur/2017.12.26-16.53.57_0.013502142.jpg
0.000655 9.684654 0.000595 9.708179,/home/andrew/code/data/common/Eyestate/ocular_base/invalid/blur/2017.12.26-19.52.50_0.14209835_0.12993929.jpg
0.000930 5.341645 0.021516 3.340813,/home/andrew/code/data/common/Eyestate/ocular_base/invalid/blur/2017.12.26-19.54.16_-1.0_-1.0.jpg
2.793124 9.595101 0.023331 0.075501,/home/andrew/code/data/common/Eyestate/ocular_base/invalid/blur/2017.12.26-19.55.11_-1.0_7.6228247.jpg
0.899331 9.465616 0.001033 6.989881,/home/andrew/code/data/common/Eyestate/ocular_base/invalid/blur/2017.12.26-19.55.42_1.8243636_7.100069.jpg
0.105027 0.528853 0.114971 0.151964,/home/andrew/code/data/common/Eyestate/ocular_base/invalid/blur/2017.12.26-20.05.53_-1.0_2.5084398.jpg
0.005799 0.088880 0.295862 0.330583,/home/andrew/code/data/common/Eyestate/ocular_base/invalid/blur/3.jpg
0.007700 9.576125 7.532044 8.564654,/home/andrew/code/data/common/Eyestate/ocular_base/invalid/blur/4.jpg
-1.000000 -1.000000 -1.000000 -1.000000,/home/andrew/code/data/common/Eyestate/ocular_base/invalid/blur/5.jpg
8.146847 8.173411 0.022695 0.245451,/home/andrew/code/data/common/Eyestate/ocular_base/invalid/blur/6.jpg
9.821914 9.734776 0.125634 9.257029,/home/andrew/code/data/common/Eyestate/ocular_base/invalid/blur/7.jpg
-1.000000 -1.000000 -1.000000 -1.000000,/home/andrew/code/data/common/Eyestate/ocular_base/invalid/blur/8.jpg
-1.000000 -1.000000 -1.000000 -1.000000,/home/andrew/code/data/common/Eyestate/ocular_base/invalid/blur/9.jpg
-2.000000 -2.000000 -2.000000 -2.000000,/home/andrew/code/data/common/Eyestate/ocular_base/invalid/bright/._6.jpg
9.676270 9.828026 9.994864 9.987597,/home/andrew/code/data/common/Eyestate/ocular_base/invalid/bright/1.jpg
0.011802 0.015502 0.079065 6.864614,/home/andrew/code/data/common/Eyestate/ocular_base/invalid/bright/10.jpg
9.810118 9.622032 6.861120 6.365877,/home/andrew/code/data/common/Eyestate/ocular_base/invalid/bright/2.jpg
0.021106 9.974570 0.452692 7.820316,/home/andrew/code/data/common/Eyestate/ocular_base/invalid/bright/2017.12.26-15.10.00_-1.0_-1.0.jpg
0.587304 2.774097 0.022251 9.891237,/home/andrew/code/data/common/Eyestate/ocular_base/invalid/bright/2017.12.26-15.35.56_0.12453671_-1.0.jpg
1.007664 1.153598 0.002258 9.929427,/home/andrew/code/data/common/Eyestate/ocular_base/invalid/bright/2017.12.26-15.36.00_0.07205253_-1.0.jpg
0.015283 9.814369 0.011539 0.172488,/home/andrew/code/data/common/Eyestate/ocular_base/invalid/bright/2017.12.26-15.37.16_-1.0_0.5201473.jpg
0.113495 9.486034 7.087785 9.060502,/home/andrew/code/data/common/Eyestate/ocular_base/invalid/bright/2017.12.26-19.58.13_-1.0_-1.0.jpg
9.986444 9.972490 1.309613 7.406806,/home/andrew/code/data/common/Eyestate/ocular_base/invalid/bright/2017.12.26-19.58.23_-1.0_-1.0.jpg
0.028782 0.632899 9.947584 9.897994,/home/andrew/code/data/common/Eyestate/ocular_base/invalid/bright/2017.12.26-19.58.43_-1.0_-1.0.jpg
0.179189 5.694438 9.965039 9.920660,/home/andrew/code/data/common/Eyestate/ocular_base/invalid/bright/2017.12.26-19.58.63_-1.0_-1.0.jpg
9.976620 9.940548 4.038908 3.800529,/home/andrew/code/data/common/Eyestate/ocular_base/invalid/bright/2018.01.04-15.29.52_-1.0_-1.0.jpg
9.867821 9.588205 9.987490 9.966492,/home/andrew/code/data/common/Eyestate/ocular_base/invalid/bright/2018.01.04-15.30.08_0_0.jpg
9.987795 9.971886 7.636127 7.649385,/home/andrew/code/data/common/Eyestate/ocular_base/invalid/bright/3.jpg
2.240627 3.012097 9.967491 9.939536,/home/andrew/code/data/common/Eyestate/ocular_base/invalid/bright/4.jpg
9.804512 9.486137 0.582577 1.217083,/home/andrew/code/data/common/Eyestate/ocular_base/invalid/bright/5.jpg
7.169312 9.804416 0.095450 9.380628,/home/andrew/code/data/common/Eyestate/ocular_base/invalid/bright/6.jpg
1.172987 4.689892 9.769821 9.772220,/home/andrew/code/data/common/Eyestate/ocular_base/invalid/bright/7.jpg
0.437580 8.508160 0.080544 4.957462,/home/andrew/code/data/common/Eyestate/ocular_base/invalid/bright/8.jpg
9.930895 9.867806 0.432529 2.101626,/home/andrew/code/data/common/Eyestate/ocular_base/invalid/bright/9.jpg
-2.000000 -2.000000 -2.000000 -2.000000,/home/andrew/code/data/common/Eyestate/ocular_base/invalid/dim/._2.jpg
-2.000000 -2.000000 -2.000000 -2.000000,/home/andrew/code/data/common/Eyestate/ocular_base/invalid/dim/._3.jpg
0.024759 9.922552 0.000446 9.960448,/home/andrew/code/data/common/Eyestate/ocular_base/invalid/dim/1.jpg
2.518041 8.316157 0.008367 9.204612,/home/andrew/code/data/common/Eyestate/ocular_base/invalid/dim/10.jpg
0.013910 0.845676 0.049905 8.286849,/home/andrew/code/data/common/Eyestate/ocular_base/invalid/dim/2.jpg
9.619211 9.511029 9.956245 9.906167,/home/andrew/code/data/common/Eyestate/ocular_base/invalid/dim/2017.11.03-19.34.51_0.27107456.jpg
9.808527 9.594431 9.952433 9.892503,/home/andrew/code/data/common/Eyestate/ocular_base/invalid/dim/2017.11.03-19.34.55_0.8076503.jpg
1.676983 9.394019 0.557539 9.166710,/home/andrew/code/data/common/Eyestate/ocular_base/invalid/dim/2017.11.03-19.34.58_0.72009385.jpg
4.641870 9.793226 8.431934 9.090372,/home/andrew/code/data/common/Eyestate/ocular_base/invalid/dim/2017.11.03-19.36.33_0.5952116.jpg
9.976799 9.950410 0.001479 9.884304,/home/andrew/code/data/common/Eyestate/ocular_base/invalid/dim/2017.12.25-19.44.03_0.06685735_9.312729.jpg
8.312213 9.807186 0.000336 9.957776,/home/andrew/code/data/common/Eyestate/ocular_base/invalid/dim/2017.12.25-19.45.51_0.049972318_8.821446.jpg
0.139473 9.923365 0.004263 9.892174,/home/andrew/code/data/common/Eyestate/ocular_base/invalid/dim/2017.12.25-19.48.35_0.045830265_-1.0.jpg
0.009538 9.937726 0.021902 9.864865,/home/andrew/code/data/common/Eyestate/ocular_base/invalid/dim/2017.12.25-19.50.17_0.63327277_0.52677554.jpg
4.809109 9.728813 0.007981 9.824916,/home/andrew/code/data/common/Eyestate/ocular_base/invalid/dim/2017.12.25-19.50.53_0.5086802_5.781589.jpg
7.816449 9.892380 0.342215 9.851784,/home/andrew/code/data/common/Eyestate/ocular_base/invalid/dim/2017.12.25-20.02.04_6.508467_4.260356.jpg
0.000370 9.987890 7.324234 8.368529,/home/andrew/code/data/common/Eyestate/ocular_base/invalid/dim/2017.12.26-20.27.12_9.739444_0.22992967.jpg
0.000132 9.989161 9.769040 9.411222,/home/andrew/code/data/common/Eyestate/ocular_base/invalid/dim/2017.12.26-20.27.23_9.806441_0.21021959.jpg
0.009435 9.856582 2.885118 3.820923,/home/andrew/code/data/common/Eyestate/ocular_base/invalid/dim/2017.12.26-20.29.21_-1.0_0.23584169.jpg
0.015623 0.043287 0.000527 9.968612,/home/andrew/code/data/common/Eyestate/ocular_base/invalid/dim/2017.12.27-10.34.57_-1.0_-1.0.jpg
0.012788 0.036533 0.000399 9.979811,/home/andrew/code/data/common/Eyestate/ocular_base/invalid/dim/2017.12.27-10.34.57_-1.0_8.852325.jpg
0.038784 0.105786 0.000261 9.988920,/home/andrew/code/data/common/Eyestate/ocular_base/invalid/dim/2017.12.27-10.34.59_-1.0_-1.0.jpg
6.466879 7.875127 2.462309 7.585896,/home/andrew/code/data/common/Eyestate/ocular_base/invalid/dim/3.jpg
9.964998 9.919788 0.007545 9.879309,/home/andrew/code/data/common/Eyestate/ocular_base/invalid/dim/4.jpg
-1.000000 -1.000000 -1.000000 -1.000000,/home/andrew/code/data/common/Eyestate/ocular_base/invalid/dim/5.jpg
3.516610 9.916713 8.973373 9.799829,/home/andrew/code/data/common/Eyestate/ocular_base/invalid/dim/6.jpg
0.183900 3.606223 0.917592 7.657538,/home/andrew/code/data/common/Eyestate/ocular_base/invalid/dim/7.jpg
-1.000000 -1.000000 -1.000000 -1.000000,/home/andrew/code/data/common/Eyestate/ocular_base/invalid/dim/8.jpg
-1.000000 -1.000000 -1.000000 -1.000000,/home/andrew/code/data/common/Eyestate/ocular_base/invalid/dim/9.jpg
0.000273 0.000490 0.000959 0.005848,/home/andrew/code/data/common/Eyestate/ocular_base/invalid/occ/1.jpg
3.501021 3.578960 1.714234 2.191654,/home/andrew/code/data/common/Eyestate/ocular_base/invalid/occ/10.jpg
0.066631 1.007260 0.756279 1.687560,/home/andrew/code/data/common/Eyestate/ocular_base/invalid/occ/11.jpg
0.001801 0.019056 0.481882 2.312886,/home/andrew/code/data/common/Eyestate/ocular_base/invalid/occ/2.jpg
0.085758 0.152042 0.013662 0.117636,/home/andrew/code/data/common/Eyestate/ocular_base/invalid/occ/2017.12.19-10.49.09_-1.0_9.843606.jpg
0.002439 0.018742 0.061385 0.697601,/home/andrew/code/data/common/Eyestate/ocular_base/invalid/occ/2017.12.19-12.50.39_9.567509_-1.0.jpg
7.113992 7.643219 0.039698 0.298347,/home/andrew/code/data/common/Eyestate/ocular_base/invalid/occ/2017.12.19-14.21.12_-1.0_-1.0.jpg
0.001791 0.034134 0.028796 7.121772,/home/andrew/code/data/common/Eyestate/ocular_base/invalid/occ/2017.12.19-14.23.11_-1.0_-1.0.jpg
-1.000000 -1.000000 -1.000000 -1.000000,/home/andrew/code/data/common/Eyestate/ocular_base/invalid/occ/2017.12.19-15.45.33_-1.0_-1.0.jpg
9.771116 9.680697 4.757789 6.473562,/home/andrew/code/data/common/Eyestate/ocular_base/invalid/occ/2017.12.26-10.00.38_0.53615123_-1.0.jpg
6.366504 9.009580 0.643471 8.655521,/home/andrew/code/data/common/Eyestate/ocular_base/invalid/occ/2017.12.26-10.00.38_1.3003813_-1.0.jpg
0.312722 0.414560 0.066551 0.492689,/home/andrew/code/data/common/Eyestate/ocular_base/invalid/occ/2017.12.26-10.22.39_6.3701982_-1.0.jpg
0.217134 0.229014 1.337700 1.370919,/home/andrew/code/data/common/Eyestate/ocular_base/invalid/occ/2017.12.26-14.37.02_9.501402_-1.0.jpg
3.002873 8.336699 0.770889 4.514348,/home/andrew/code/data/common/Eyestate/ocular_base/invalid/occ/2017.12.26-14.41.43_-1.0_9.225968.jpg
0.155868 1.078620 0.041101 1.083824,/home/andrew/code/data/common/Eyestate/ocular_base/invalid/occ/2017.12.26-14.44.06_-1.0_-1.0.jpg
0.001848 0.121876 0.057173 0.724241,/home/andrew/code/data/common/Eyestate/ocular_base/invalid/occ/2017.12.26-14.48.09_-1.0_-1.0.jpg
0.174608 0.195533 0.002168 0.051662,/home/andrew/code/data/common/Eyestate/ocular_base/invalid/occ/2017.12.26-15.07.57_-1.0_-1.0.jpg
0.055900 0.413253 0.068071 0.120157,/home/andrew/code/data/common/Eyestate/ocular_base/invalid/occ/2017.12.26-15.15.53_-1.0_-1.0.jpg
7.674330 7.392418 0.085251 0.157284,/home/andrew/code/data/common/Eyestate/ocular_base/invalid/occ/2017.12.26-16.29.25_-1.0_-1.0.jpg
0.007737 0.011587 1.955956 1.928359,/home/andrew/code/data/common/Eyestate/ocular_base/invalid/occ/2017.12.26-20.01.51_-1.0_-1.0.jpg
0.005774 0.009495 0.004838 0.132265,/home/andrew/code/data/common/Eyestate/ocular_base/invalid/occ/2017.12.26-20.01.52_-1.0_-1.0.jpg
0.002810 0.174611 0.027906 3.567965,/home/andrew/code/data/common/Eyestate/ocular_base/invalid/occ/2017.12.26-20.04.18_-1.0_-1.0.jpg
9.032265 9.207209 0.644262 0.837325,/home/andrew/code/data/common/Eyestate/ocular_base/invalid/occ/3.jpg
0.001418 0.006779 0.011828 0.091974,/home/andrew/code/data/common/Eyestate/ocular_base/invalid/occ/4.jpg
0.179268 0.273612 0.069145 0.312725,/home/andrew/code/data/common/Eyestate/ocular_base/invalid/occ/5.jpg
9.955006 9.897040 0.006940 9.965262,/home/andrew/code/data/common/Eyestate/ocular_base/invalid/occ/6.jpg
5.238956 9.140182 0.345008 9.122122,/home/andrew/code/data/common/Eyestate/ocular_base/invalid/occ/7.jpg
9.973408 9.933186 7.509117 6.766129,/home/andrew/code/data/common/Eyestate/ocular_base/invalid/occ/8.jpg
0.021660 9.918427 2.516335 9.748446,/home/andrew/code/data/common/Eyestate/ocular_base/invalid/occ/9.jpg
9.876451 9.965304 9.980663 9.966079,/home/andrew/code/data/common/Eyestate/ocular_base/open/1.jpg
9.968857 9.947016 9.992351 9.982370,/home/andrew/code/data/common/Eyestate/ocular_base/open/10.jpg
9.980242 9.953946 9.978844 9.960380,/home/andrew/code/data/common/Eyestate/ocular_base/open/11.jpg
9.888521 9.801838 9.978052 9.949335,/home/andrew/code/data/common/Eyestate/ocular_base/open/12.jpg
9.995374 9.989502 9.995484 9.989019,/home/andrew/code/data/common/Eyestate/ocular_base/open/13.jpg
9.984852 9.966830 9.981524 9.961895,/home/andrew/code/data/common/Eyestate/ocular_base/open/14.jpg
9.986150 9.980031 9.955868 9.959903,/home/andrew/code/data/common/Eyestate/ocular_base/open/15.jpg
9.994085 9.986262 9.985285 9.969596,/home/andrew/code/data/common/Eyestate/ocular_base/open/16.jpg
9.895704 9.976839 9.976264 9.988569,/home/andrew/code/data/common/Eyestate/ocular_base/open/17.jpg
9.988144 9.979147 9.822834 9.968042,/home/andrew/code/data/common/Eyestate/ocular_base/open/18.jpg
9.975155 9.969716 9.987915 9.977805,/home/andrew/code/data/common/Eyestate/ocular_base/open/19.jpg
9.931337 9.948415 2.617379 9.943561,/home/andrew/code/data/common/Eyestate/ocular_base/open/2.jpg
9.990561 9.979233 9.941602 9.965233,/home/andrew/code/data/common/Eyestate/ocular_base/open/20.jpg
9.979523 9.975452 9.987494 9.973430,/home/andrew/code/data/common/Eyestate/ocular_base/open/2017.12.19-10.22.10_9.979404_9.9710045.jpg
9.982691 9.968449 9.963551 9.955721,/home/andrew/code/data/common/Eyestate/ocular_base/open/2017.12.19-10.34.46_9.933304_9.068453.jpg
9.562290 9.968941 6.139022 9.992880,/home/andrew/code/data/common/Eyestate/ocular_base/open/2017.12.19-10.35.42_9.960565_5.0496345.jpg
9.981073 9.962548 9.979494 9.956308,/home/andrew/code/data/common/Eyestate/ocular_base/open/2017.12.19-10.36.28_9.938281_-1.0.jpg
9.807751 9.986705 9.993900 9.987226,/home/andrew/code/data/common/Eyestate/ocular_base/open/2017.12.19-11.00.39_9.97982_9.9076395.jpg
7.519103 9.963793 9.909948 9.935390,/home/andrew/code/data/common/Eyestate/ocular_base/open/2017.12.19-11.19.19_9.912327_9.981266.jpg
9.998605 9.996738 9.994224 9.986959,/home/andrew/code/data/common/Eyestate/ocular_base/open/2017.12.19-11.21.35_9.976509_9.970631.jpg
9.996941 9.993254 9.992989 9.984406,/home/andrew/code/data/common/Eyestate/ocular_base/open/2017.12.19-11.21.45_9.978288_9.978483.jpg
9.984513 9.985048 0.543487 9.706221,/home/andrew/code/data/common/Eyestate/ocular_base/open/2017.12.19-14.11.32_0.036325112_9.833513.jpg
0.606238 9.965392 0.147982 9.764928,/home/andrew/code/data/common/Eyestate/ocular_base/open/2017.12.19-14.11.35_1.8314422_9.928562.jpg
9.977320 9.951498 0.003107 9.930297,/home/andrew/code/data/common/Eyestate/ocular_base/open/2017.12.19-14.13.11_5.0566636E-4_9.775644.jpg
9.977341 9.950118 9.379574 9.853736,/home/andrew/code/data/common/Eyestate/ocular_base/open/2017.12.19-14.13.21_9.770622_9.635423.jpg
9.984482 9.962320 9.668339 9.288672,/home/andrew/code/data/common/Eyestate/ocular_base/open/2017.12.19-14.55.43_9.946369_-1.0.jpg
5.772233 9.960544 5.027320 9.969645,/home/andrew/code/data/common/Eyestate/ocular_base/open/2017.12.19-15.15.43_9.635662_9.94711.jpg
1.470971 9.955599 0.042781 9.929678,/home/andrew/code/data/common/Eyestate/ocular_base/open/2017.12.25-20.02.06_7.1762586_7.6785717.jpg
9.994343 9.988200 1.170524 9.874105,/home/andrew/code/data/common/Eyestate/ocular_base/open/2017.12.25-21.20.06_2.8395877_9.706808.jpg
9.779652 9.937015 0.574436 9.403540,/home/andrew/code/data/common/Eyestate/ocular_base/open/2017.12.26-09.36.49_1.9988747_9.582165.jpg
9.940720 9.872669 9.946644 9.917993,/home/andrew/code/data/common/Eyestate/ocular_base/open/2017.12.26-10.00.38_8.021766_9.373456.jpg
9.961897 9.948623 9.978636 9.949993,/home/andrew/code/data/common/Eyestate/ocular_base/open/2017.12.26-10.13.12_9.621384_8.742584.jpg
9.993753 9.985185 9.941486 9.915195,/home/andrew/code/data/common/Eyestate/ocular_base/open/2017.12.26-14.57.21_9.220578_9.658066.jpg
9.985136 9.965236 9.967377 9.931122,/home/andrew/code/data/common/Eyestate/ocular_base/open/2017.12.26-15.12.38_-1.0_-1.0.jpg
5.336752 9.985935 0.176370 9.958174,/home/andrew/code/data/common/Eyestate/ocular_base/open/2017.12.26-15.35.11_5.348504_5.796218.jpg
9.923870 9.954481 9.875788 9.817786,/home/andrew/code/data/common/Eyestate/ocular_base/open/2017.12.26-15.37.29_-1.0_-1.0.jpg
9.984790 9.969517 0.012869 9.962189,/home/andrew/code/data/common/Eyestate/ocular_base/open/2017.12.26-15.37.34_0.19575424_2.9279785.jpg
8.626070 9.785463 0.231404 9.947121,/home/andrew/code/data/common/Eyestate/ocular_base/open/2017.12.26-15.37.36_-1.0_-1.0.jpg
6.278530 9.987575 6.792146 9.982168,/home/andrew/code/data/common/Eyestate/ocular_base/open/2017.12.26-16.49.20_3.3757663_6.8025093.jpg
9.983867 9.989262 9.880266 9.984450,/home/andrew/code/data/common/Eyestate/ocular_base/open/2017.12.26-16.52.03_9.65699_9.695206.jpg
9.983302 9.970199 9.963495 9.978053,/home/andrew/code/data/common/Eyestate/ocular_base/open/2017.12.26-16.52.13_9.594311_9.633204.jpg
9.823994 9.857258 9.962234 9.984297,/home/andrew/code/data/common/Eyestate/ocular_base/open/2017.12.26-16.53.44_4.915783_9.670754.jpg
9.902880 9.986153 9.854366 9.986496,/home/andrew/code/data/common/Eyestate/ocular_base/open/2017.12.26-16.54.07_9.015482_9.517672.jpg
9.983118 9.984927 0.428208 9.963660,/home/andrew/code/data/common/Eyestate/ocular_base/open/2017.12.26-16.56.47_9.200543_9.72094.jpg
9.992162 9.980526 9.988701 9.973799,/home/andrew/code/data/common/Eyestate/ocular_base/open/2017.12.26-17.08.03_9.516652_9.893359.jpg
9.958812 9.984915 9.992217 9.986712,/home/andrew/code/data/common/Eyestate/ocular_base/open/2017.12.26-17.59.08_9.814715_9.606369.jpg
9.995918 9.991107 9.994617 9.988572,/home/andrew/code/data/common/Eyestate/ocular_base/open/2017.12.26-18.00.51_9.8903265_9.633729.jpg
9.993708 9.986336 9.985558 9.968874,/home/andrew/code/data/common/Eyestate/ocular_base/open/2017.12.26-18.01.05_9.861256_9.882093.jpg
9.993562 9.986326 9.992551 9.983778,/home/andrew/code/data/common/Eyestate/ocular_base/open/2017.12.26-18.01.23_9.700748_9.529134.jpg
9.982065 9.958277 9.588343 9.096956,/home/andrew/code/data/common/Eyestate/ocular_base/open/2017.12.26-18.06.47_-1.0_-1.0.jpg
9.900993 9.846715 6.076158 5.946863,/home/andrew/code/data/common/Eyestate/ocular_base/open/2017.12.26-18.10.44_-1.0_-1.0.jpg
4.307717 9.942874 8.987664 9.963014,/home/andrew/code/data/common/Eyestate/ocular_base/open/2017.12.26-19.44.57_-1.0_9.107185.jpg
9.940101 9.982358 9.968702 9.982544,/home/andrew/code/data/common/Eyestate/ocular_base/open/2017.12.26-19.45.51_8.941961_8.841539.jpg
9.992109 9.982135 9.986395 9.967752,/home/andrew/code/data/common/Eyestate/ocular_base/open/2017.12.26-20.25.58_9.691891_9.559327.jpg
9.977200 9.951181 9.981709 9.958844,/home/andrew/code/data/common/Eyestate/ocular_base/open/2017.12.26-20.27.17_9.678058_9.767289.jpg
8.771199 9.909840 9.342500 9.910380,/home/andrew/code/data/common/Eyestate/ocular_base/open/2017.12.26-20.29.20_9.633191_9.573357.jpg
9.985746 9.969599 9.991901 9.982201,/home/andrew/code/data/common/Eyestate/ocular_base/open/2017.12.27-11.24.33_8.9102125_9.919348.jpg
9.987935 9.973269 9.988094 9.975429,/home/andrew/code/data/common/Eyestate/ocular_base/open/2017.12.27-11.26.58_9.683341_9.726315.jpg
9.989017 9.975511 9.990515 9.979430,/home/andrew/code/data/common/Eyestate/ocular_base/open/2017.12.27-11.27.06_9.598994_9.886196.jpg
9.985030 9.968862 9.986305 9.979030,/home/andrew/code/data/common/Eyestate/ocular_base/open/2017.12.27-11.27.37_9.673736_9.577843.jpg
9.931205 9.969612 9.986315 9.971176,/home/andrew/code/data/common/Eyestate/ocular_base/open/2017.12.27-14.43.56_7.0044956_3.216836.jpg
9.973496 9.949555 9.915829 9.952776,/home/andrew/code/data/common/Eyestate/ocular_base/open/2017.12.27-14.44.17_8.567369_7.1030655.jpg
8.150865 9.962084 2.982873 9.966702,/home/andrew/code/data/common/Eyestate/ocular_base/open/2017.12.27-14.47.19_1.278307_9.527456.jpg
9.910240 9.981780 5.360043 9.979870,/home/andrew/code/data/common/Eyestate/ocular_base/open/2017.12.27-14.49.25_5.5138497_9.507414.jpg
0.425546 9.619613 9.581707 9.971285,/home/andrew/code/data/common/Eyestate/ocular_base/open/2017.12.27-14.58.08_-1.0_-1.0.jpg
9.730047 9.975254 8.595372 9.974895,/home/andrew/code/data/common/Eyestate/ocular_base/open/2017.12.27-15.13.05_1.7129877_0.32250756.jpg
9.980489 9.985505 9.994026 9.988423,/home/andrew/code/data/common/Eyestate/ocular_base/open/2017.12.27-15.13.05_6.6679244_2.6861942.jpg
9.986612 9.982996 9.981836 9.982144,/home/andrew/code/data/common/Eyestate/ocular_base/open/2017.12.27-15.13.06_3.0680819_2.0465384.jpg
9.925001 9.859160 9.984653 9.963335,/home/andrew/code/data/common/Eyestate/ocular_base/open/2017.12.27-15.13.54_9.733074_8.926095.jpg
9.972372 9.973771 9.919872 9.975251,/home/andrew/code/data/common/Eyestate/ocular_base/open/2017.12.27-15.27.09_9.564946_9.776472.jpg
0.199644 9.699068 0.574421 9.842319,/home/andrew/code/data/common/Eyestate/ocular_base/open/2017.12.27-15.40.16_5.6913233_-1.0.jpg
9.989248 9.974939 9.982357 9.960451,/home/andrew/code/data/common/Eyestate/ocular_base/open/2017.12.27-15.40.39_9.51124_9.696182.jpg
9.988551 9.975027 9.996830 9.991719,/home/andrew/code/data/common/Eyestate/ocular_base/open/2017.12.27-15.41.51_9.718406_9.5531.jpg
9.975837 9.957150 9.975897 9.953928,/home/andrew/code/data/common/Eyestate/ocular_base/open/21.jpg
9.983829 9.964095 9.895000 9.866768,/home/andrew/code/data/common/Eyestate/ocular_base/open/22.jpg
9.990298 9.980113 9.989481 9.976680,/home/andrew/code/data/common/Eyestate/ocular_base/open/23.jpg
9.996424 9.991821 9.967890 9.970193,/home/andrew/code/data/common/Eyestate/ocular_base/open/24.jpg
9.987392 9.972713 9.986744 9.969858,/home/andrew/code/data/common/Eyestate/ocular_base/open/25.jpg
9.812908 9.969770 9.956717 9.985106,/home/andrew/code/data/common/Eyestate/ocular_base/open/26.jpg
9.926409 9.963426 9.993196 9.985247,/home/andrew/code/data/common/Eyestate/ocular_base/open/27.jpg
9.986149 9.972559 9.990450 9.987570,/home/andrew/code/data/common/Eyestate/ocular_base/open/28.jpg
9.983204 9.961930 9.983404 9.964160,/home/andrew/code/data/common/Eyestate/ocular_base/open/29.jpg
9.968681 9.946766 9.985041 9.968283,/home/andrew/code/data/common/Eyestate/ocular_base/open/3.jpg
9.981537 9.968744 9.989164 9.977001,/home/andrew/code/data/common/Eyestate/ocular_base/open/30.jpg
9.954363 9.968003 9.988610 9.975739,/home/andrew/code/data/common/Eyestate/ocular_base/open/31.jpg
9.914739 9.980578 9.994001 9.986383,/home/andrew/code/data/common/Eyestate/ocular_base/open/32.jpg
9.993767 9.986540 9.446734 9.859280,/home/andrew/code/data/common/Eyestate/ocular_base/open/33.jpg
9.986324 9.971694 9.988455 9.975778,/home/andrew/code/data/common/Eyestate/ocular_base/open/34.jpg
9.958590 9.886057 9.995088 9.988613,/home/andrew/code/data/common/Eyestate/ocular_base/open/35.jpg
9.973557 9.966975 9.963879 9.986321,/home/andrew/code/data/common/Eyestate/ocular_base/open/36.jpg
9.894297 9.973275 9.950817 9.873224,/home/andrew/code/data/common/Eyestate/ocular_base/open/37.jpg
9.984550 9.983349 9.993365 9.985448,/home/andrew/code/data/common/Eyestate/ocular_base/open/38.jpg
9.993574 9.984955 9.912399 9.984028,/home/andrew/code/data/common/Eyestate/ocular_base/open/39.jpg
9.984892 9.969431 9.978524 9.974986,/home/andrew/code/data/common/Eyestate/ocular_base/open/4.jpg
9.966141 9.971484 9.969763 9.935670,/home/andrew/code/data/common/Eyestate/ocular_base/open/40.jpg
9.967543 9.923493 9.967457 9.932818,/home/andrew/code/data/common/Eyestate/ocular_base/open/5.jpg
9.961821 9.910564 9.924189 9.858603,/home/andrew/code/data/common/Eyestate/ocular_base/open/6.jpg
9.992363 9.983353 9.991937 9.982133,/home/andrew/code/data/common/Eyestate/ocular_base/open/7.jpg
9.991571 9.981713 9.979131 9.953879,/home/andrew/code/data/common/Eyestate/ocular_base/open/8.jpg
9.862360 9.700233 9.960285 9.917397,/home/andrew/code/data/common/Eyestate/ocular_base/open/9.jpg
9.986500 9.973561 9.979166 9.952790,/home/andrew/code/data/common/Eyestate/ocular_base/valid/1.jpg
9.944138 9.868902 9.987101 9.970065,/home/andrew/code/data/common/Eyestate/ocular_base/valid/10.jpg
9.981033 9.954139 9.995891 9.990224,/home/andrew/code/data/common/Eyestate/ocular_base/valid/11.jpg
9.989180 9.974420 9.991560 9.981095,/home/andrew/code/data/common/Eyestate/ocular_base/valid/12.jpg
9.980850 9.956300 9.994627 9.986959,/home/andrew/code/data/common/Eyestate/ocular_base/valid/13.jpg
9.973341 9.935407 9.850613 9.558665,/home/andrew/code/data/common/Eyestate/ocular_base/valid/14.jpg
9.995033 9.988289 9.993055 9.983641,/home/andrew/code/data/common/Eyestate/ocular_base/valid/15.jpg
0.169466 8.029090 9.995946 9.989923,/home/andrew/code/data/common/Eyestate/ocular_base/valid/16.jpg
9.982275 9.958309 0.001687 9.852539,/home/andrew/code/data/common/Eyestate/ocular_base/valid/17.jpg
0.001521 9.949433 0.001734 9.765874,/home/andrew/code/data/common/Eyestate/ocular_base/valid/18.jpg
0.000426 9.972541 0.018478 9.470672,/home/andrew/code/data/common/Eyestate/ocular_base/valid/19.jpg
9.982807 9.961572 0.000972 9.987106,/home/andrew/code/data/common/Eyestate/ocular_base/valid/2.jpg
0.026003 9.870750 0.003399 9.959752,/home/andrew/code/data/common/Eyestate/ocular_base/valid/20.jpg
9.991091 9.979064 0.000433 9.976928,/home/andrew/code/data/common/Eyestate/ocular_base/valid/2017.12.19-10.51.06_-1.0_-1.0.jpg
5.823970 9.978477 6.015606 9.964964,/home/andrew/code/data/common/Eyestate/ocular_base/valid/2017.12.19-11.17.52_4.8632345_0.37639695.jpg
0.003367 9.986745 0.015039 9.894208,/home/andrew/code/data/common/Eyestate/ocular_base/valid/2017.12.19-11.18.51_-1.0_0.0027411918.jpg
9.963245 9.913572 7.448325 7.472972,/home/andrew/code/data/common/Eyestate/ocular_base/valid/2017.12.19-12.03.44_-1.0_9.953209.jpg
9.624754 9.311768 9.863017 9.955048,/home/andrew/code/data/common/Eyestate/ocular_base/valid/2017.12.19-14.15.55_9.078782_9.863152.jpg
8.411113 9.857039 0.204683 9.861275,/home/andrew/code/data/common/Eyestate/ocular_base/valid/2017.12.19-14.18.04_0.0020173858_9.904282.jpg
9.931987 9.937400 2.726321 5.967671,/home/andrew/code/data/common/Eyestate/ocular_base/valid/2017.12.19-14.19.07_-1.0_9.615127.jpg
9.995619 9.990748 9.988263 9.973452,/home/andrew/code/data/common/Eyestate/ocular_base/valid/2017.12.19-14.34.35_9.97887_9.397333.jpg
9.964966 9.921788 9.863878 9.913766,/home/andrew/code/data/common/Eyestate/ocular_base/valid/2017.12.19-14.35.36_-1.0_-1.0.jpg
9.989019 9.976836 9.992960 9.984528,/home/andrew/code/data/common/Eyestate/ocular_base/valid/2017.12.19-14.43.52_0.490425.jpg
5.087364 5.762681 9.694447 9.302477,/home/andrew/code/data/common/Eyestate/ocular_base/valid/2017.12.19-14.55.49_9.94921_-1.0.jpg
0.005761 9.967700 9.994310 9.986057,/home/andrew/code/data/common/Eyestate/ocular_base/valid/2017.12.19-15.03.08_-1.0_-1.0.jpg
5.772233 9.960544 5.027320 9.969645,/home/andrew/code/data/common/Eyestate/ocular_base/valid/2017.12.19-15.15.43_9.635662_9.94711.jpg
9.993729 9.985476 9.996095 9.991052,/home/andrew/code/data/common/Eyestate/ocular_base/valid/2017.12.19-15.17.00_9.96111_9.97432.jpg
9.983619 9.960086 9.993702 9.985098,/home/andrew/code/data/common/Eyestate/ocular_base/valid/2017.12.19-15.39.03_-1.0_-1.0.jpg
9.995693 9.990144 9.973129 9.937145,/home/andrew/code/data/common/Eyestate/ocular_base/valid/2017.12.19-15.44.43_-1.0_-1.0.jpg
9.983593 9.971128 9.901320 9.878721,/home/andrew/code/data/common/Eyestate/ocular_base/valid/2017.12.25-19.41.33_-1.0_-1.0.jpg
0.553205 9.985824 7.808615 9.915938,/home/andrew/code/data/common/Eyestate/ocular_base/valid/2017.12.25-19.41.33_-1.0_0.026022915.jpg
9.961620 9.932875 9.929544 9.847578,/home/andrew/code/data/common/Eyestate/ocular_base/valid/2017.12.25-19.41.43_-1.0_-1.0.jpg
5.124815 9.955788 0.001642 9.761130,/home/andrew/code/data/common/Eyestate/ocular_base/valid/2017.12.25-19.43.49_-1.0_-1.0.jpg
7.054739 9.776119 2.154836 3.006676,/home/andrew/code/data/common/Eyestate/ocular_base/valid/2017.12.26-09.36.58_-1.0_2.1845756.jpg
8.994431 8.920706 9.973159 9.940681,/home/andrew/code/data/common/Eyestate/ocular_base/valid/2017.12.26-09.59.45_-1.0_-1.0.jpg
9.149439 9.153668 9.981879 9.959390,/home/andrew/code/data/common/Eyestate/ocular_base/valid/2017.12.26-09.59.53_-1.0_-1.0.jpg
0.467966 0.767249 4.600577 9.118670,/home/andrew/code/data/common/Eyestate/ocular_base/valid/2017.12.26-10.12.08_-1.0_-1.0.jpg
9.966169 9.956864 9.974325 9.986920,/home/andrew/code/data/common/Eyestate/ocular_base/valid/2017.12.26-10.14.45_-1.0_-1.0.jpg
0.013747 0.772776 3.179774 3.588063,/home/andrew/code/data/common/Eyestate/ocular_base/valid/2017.12.26-10.22.33_-1.0_-1.0.jpg
9.831387 9.578144 9.842468 9.673217,/home/andrew/code/data/common/Eyestate/ocular_base/valid/2017.12.26-10.23.19_0.890841_-1.0.jpg
7.822827 7.742550 9.102962 8.722027,/home/andrew/code/data/common/Eyestate/ocular_base/valid/2017.12.26-11.04.00_-1.0_8.712229.jpg
5.975774 8.625290 1.124917 8.922082,/home/andrew/code/data/common/Eyestate/ocular_base/valid/2017.12.26-11.22.45_-1.0_0.15629014.jpg
7.308248 9.595116 0.277780 4.164030,/home/andrew/code/data/common/Eyestate/ocular_base/valid/2017.12.26-14.28.21_-1.0_-1.0.jpg
0.082310 0.207851 1.052485 1.493362,/home/andrew/code/data/common/Eyestate/ocular_base/valid/2017.12.26-14.43.47_-1.0_-1.0.jpg
9.994383 9.986567 0.021383 0.442935,/home/andrew/code/data/common/Eyestate/ocular_base/valid/2017.12.26-14.58.20_-1.0_-1.0.jpg
9.947204 9.890503 0.026648 0.400140,/home/andrew/code/data/common/Eyestate/ocular_base/valid/2017.12.26-15.09.35_0.8028123_-1.0.jpg
9.817904 9.939981 0.027238 7.289989,/home/andrew/code/data/common/Eyestate/ocular_base/valid/2017.12.26-15.09.45_0.14054994_3.3156724.jpg
9.981747 9.959302 9.978293 9.953512,/home/andrew/code/data/common/Eyestate/ocular_base/valid/2017.12.26-15.10.06_-1.0_-1.0.jpg
9.988934 9.969908 9.607588 9.122424,/home/andrew/code/data/common/Eyestate/ocular_base/valid/2017.12.26-15.10.26_-1.0_-1.0.jpg
9.984459 9.962792 9.922112 9.834373,/home/andrew/code/data/common/Eyestate/ocular_base/valid/2017.12.26-15.22.17_-1.0_-1.0.jpg
1.606673 9.508117 0.042103 2.459009,/home/andrew/code/data/common/Eyestate/ocular_base/valid/2017.12.26-15.37.20_1.6346787_2.4995108.jpg
9.994417 9.987360 9.987236 9.970355,/home/andrew/code/data/common/Eyestate/ocular_base/valid/2017.12.26-16.12.52_-1.0_9.922211.jpg
9.985320 9.965225 0.006501 9.947905,/home/andrew/code/data/common/Eyestate/ocular_base/valid/2017.12.26-16.15.47_0.15745509_-1.0.jpg
9.987313 9.971272 9.988886 9.974228,/home/andrew/code/data/common/Eyestate/ocular_base/valid/2017.12.26-16.40.03_-1.0_-1.0.jpg
9.922083 9.805562 9.892026 9.809834,/home/andrew/code/data/common/Eyestate/ocular_base/valid/2017.12.26-16.40.15_9.388541_-1.0.jpg
9.990313 9.980389 0.252170 7.475008,/home/andrew/code/data/common/Eyestate/ocular_base/valid/2017.12.26-19.58.33_-1.0_-1.0.jpg
1.455032 9.858881 0.077338 9.799757,/home/andrew/code/data/common/Eyestate/ocular_base/valid/2017.12.26-19.58.53_-1.0_-1.0.jpg
9.750257 9.856159 0.228390 9.069231,/home/andrew/code/data/common/Eyestate/ocular_base/valid/2017.12.26-19.58.73_-1.0_-1.0.jpg
9.988835 9.973807 0.009337 9.404778,/home/andrew/code/data/common/Eyestate/ocular_base/valid/2017.12.26-20.10.38_-1.0_-1.0.jpg
9.995250 9.989157 9.991842 9.981066,/home/andrew/code/data/common/Eyestate/ocular_base/valid/2017.12.27-10.34.87_-1.0_-1.0.jpg
9.979916 9.952950 3.178801 3.153386,/home/andrew/code/data/common/Eyestate/ocular_base/valid/2017.12.27-11.01.01_-1.0_9.264539.jpg
9.969387 9.934459 9.958520 9.906464,/home/andrew/code/data/common/Eyestate/ocular_base/valid/2017.12.27-11.04.06_-1.0_-1.0.jpg
9.990257 9.977312 9.989103 9.974853,/home/andrew/code/data/common/Eyestate/ocular_base/valid/2017.12.27-14.27.26_-1.0_-1.0.jpg
9.971436 9.959893 9.978624 9.950706,/home/andrew/code/data/common/Eyestate/ocular_base/valid/2017.12.27-15.13.42_-1.0_0.2775795.jpg
9.947685 9.962635 9.933619 9.876880,/home/andrew/code/data/common/Eyestate/ocular_base/valid/2017.12.27-15.15.26_-1.0_-1.0.jpg
9.995325 9.989073 9.988916 9.984791,/home/andrew/code/data/common/Eyestate/ocular_base/valid/2017.12.30-14.43.45_9.843641_9.126955.jpg
9.552649 8.914375 9.986188 9.968477,/home/andrew/code/data/common/Eyestate/ocular_base/valid/2018.01.03-10.55.26_-1.0_9.660365.jpg
9.973269 9.934950 9.506261 9.089171,/home/andrew/code/data/common/Eyestate/ocular_base/valid/2018.01.03-10.55.42_-1.0_-1.0.jpg
9.720160 9.203838 1.083452 3.935888,/home/andrew/code/data/common/Eyestate/ocular_base/valid/2018.01.03-10.55.46_-1.0_8.915289.jpg
9.891989 9.691592 3.850647 4.123015,/home/andrew/code/data/common/Eyestate/ocular_base/valid/2018.01.03-10.55.56_-1.0_-1.0.jpg
9.996277 9.991319 9.995194 9.988233,/home/andrew/code/data/common/Eyestate/ocular_base/valid/2018.01.04-15.28.27_9.776997_9.041019.jpg
9.990681 9.977204 9.995584 9.989203,/home/andrew/code/data/common/Eyestate/ocular_base/valid/2018.01.04-15.29.08_9.39966_9.921099.jpg
9.987862 9.971215 9.996100 9.990445,/home/andrew/code/data/common/Eyestate/ocular_base/valid/2018.01.04-15.29.22_9.717177_9.929792.jpg
9.977084 9.951267 9.989240 9.974958,/home/andrew/code/data/common/Eyestate/ocular_base/valid/21.jpg
0.680481 6.103136 9.990870 9.978363,/home/andrew/code/data/common/Eyestate/ocular_base/valid/22.jpg
0.351674 3.794407 9.987185 9.970594,/home/andrew/code/data/common/Eyestate/ocular_base/valid/23.jpg
9.900913 9.971377 9.983191 9.966568,/home/andrew/code/data/common/Eyestate/ocular_base/valid/24.jpg
9.871716 9.738699 9.564945 9.152167,/home/andrew/code/data/common/Eyestate/ocular_base/valid/25.jpg
9.239817 9.825840 9.881032 9.777350,/home/andrew/code/data/common/Eyestate/ocular_base/valid/26.jpg
9.972960 9.949541 9.982046 9.960171,/home/andrew/code/data/common/Eyestate/ocular_base/valid/27.jpg
9.988733 9.973186 4.742389 6.693287,/home/andrew/code/data/common/Eyestate/ocular_base/valid/28.jpg
9.573423 9.412253 9.950623 9.917188,/home/andrew/code/data/common/Eyestate/ocular_base/valid/29.jpg
9.986406 9.968944 7.662667 9.533097,/home/andrew/code/data/common/Eyestate/ocular_base/valid/3.jpg
9.987997 9.972402 9.992682 9.982844,/home/andrew/code/data/common/Eyestate/ocular_base/valid/30.jpg
9.987162 9.970958 9.993534 9.985050,/home/andrew/code/data/common/Eyestate/ocular_base/valid/31.jpg
9.646431 9.164728 9.988063 9.971969,/home/andrew/code/data/common/Eyestate/ocular_base/valid/32.jpg
9.992767 9.982252 9.993963 9.984984,/home/andrew/code/data/common/Eyestate/ocular_base/valid/33.jpg
8.955776 8.741205 9.767608 9.797191,/home/andrew/code/data/common/Eyestate/ocular_base/valid/34.jpg
9.974382 9.939243 9.958383 9.903952,/home/andrew/code/data/common/Eyestate/ocular_base/valid/35.jpg
9.986097 9.968566 9.958410 9.922867,/home/andrew/code/data/common/Eyestate/ocular_base/valid/36.jpg
9.991210 9.978867 9.990146 9.975978,/home/andrew/code/data/common/Eyestate/ocular_base/valid/37.jpg
9.898438 9.947257 9.713707 9.920231,/home/andrew/code/data/common/Eyestate/ocular_base/valid/38.jpg
9.861438 9.722600 7.638226 9.282125,/home/andrew/code/data/common/Eyestate/ocular_base/valid/39.jpg
0.001938 9.912568 9.810851 9.595583,/home/andrew/code/data/common/Eyestate/ocular_base/valid/4.jpg
9.983633 9.961604 9.994173 9.986173,/home/andrew/code/data/common/Eyestate/ocular_base/valid/40.jpg
0.371076 9.985713 9.975330 9.969563,/home/andrew/code/data/common/Eyestate/ocular_base/valid/5.jpg
0.001156 9.953915 2.691989 8.169669,/home/andrew/code/data/common/Eyestate/ocular_base/valid/6.jpg
9.993702 9.984588 9.982241 9.958352,/home/andrew/code/data/common/Eyestate/ocular_base/valid/7.jpg
9.968808 9.930702 9.950344 9.888268,/home/andrew/code/data/common/Eyestate/ocular_base/valid/8.jpg
9.992791 9.982345 9.985624 9.965726,/home/andrew/code/data/common/Eyestate/ocular_base/valid/9.jpg
